STATE_UT,YEAR,POPULATION_IN_MILIONS,"AVERAGE_LITERACY_RATE_IN %",AREA(KM2),SEX_RATIO,MURDER,ATTEMPT_TO_MURDER,CULPABLE_HOMICIDE_NOT_AMOUNTING_TO_MURDER,RAPE,CUSTODIAL_RAPE,OTHER_RAPE,KIDNAPPING_&_ABDUCTION,KIDNAPPING_AND_ABDUCTION_OF_WOMEN_AND_GIRLS,KIDNAPPING_AND_ABDUCTION_OF_OTHERS,DACOITY,PREPARATION_AND_ASSEMBLY_FOR_DACOITY,ROBBERY,BURGLARY,THEFT,AUTO_THEFT,OTHER_THEFT,RIOTS,CRIMINAL_BREACH_OF_TRUST,CHEATING,COUNTERFIETING,ARSON,HURT_GREVIOUS_HURT,DOWRY_DEATHS,ASSAULT_ON_WOMEN_WITH_INTENT_TO_OUTRAGE_HER_MODESTY,INSULT_TO_MODESTY_OF_WOMEN,CRUELTY_BY_HUSBAND_OR_HIS_RELATIVES,IMPORTATION_OF_GIRLS_FROM_FOREIGN_COUNTRIES,CAUSING_DEATH_BY_NEGLIGENCE,"OTHER IPC_CRIMES",TOTAL_IPC_CRIMES
"ARUNACHAL PRADESH",2001,1.09,66.95,83743,993,83,53,3,33,0,33,83,55,28,22,2,84,248,443,36,407,24,41,30,4,13,466,0,78,3,11,0,0,618,2342
ASSAM,2001,26.64,73.18,75438,935,1356,481,40,817,0,817,1480,1070,410,532,14,687,2423,5367,350,5017,2953,374,575,46,441,5805,59,850,4,1248,0,2010,9315,36877
BIHAR,2001,82.88,69.82,94163,919,3643,3419,250,888,0,888,2159,518,1641,1291,147,2203,3233,9701,1050,8651,8606,946,1659,85,502,7544,859,562,21,1558,83,2406,36667,88432
CHHATTISGARH,2001,20.8,71.04,135194,777,880,529,45,959,0,959,207,171,36,87,19,338,4144,4812,920,3892,871,154,402,8,215,5477,70,1763,161,840,0,689,15790,38460
GOA,2001,1.34,87.4,3702,961,36,30,5,12,0,12,9,6,3,7,0,25,359,576,168,408,64,39,62,2,16,174,2,17,7,11,0,191,697,2341
HARYANA,2001,21.08,76.64,44212,861,781,467,78,398,0,398,449,297,152,77,141,397,3109,6117,3022,3095,750,556,1016,37,203,4744,285,478,401,1513,0,856,15906,38759
"HIMACHAL PRADESH",2001,6.08,83.78,55673,968,119,75,11,124,0,124,126,105,21,4,0,28,844,600,142,458,628,69,146,2,134,1403,10,310,14,317,0,483,6052,11499
"JAMMU & KASHMIR",2001,10.07,67.16,42241,892,1075,1474,33,169,0,169,606,504,102,24,0,161,1345,1919,633,1286,1072,90,391,15,437,318,13,622,288,50,0,357,9046,19505
JHARKHAND,2001,26.91,66.4,79714,941,1507,866,143,567,0,567,441,279,162,636,48,647,1266,3827,754,3073,2018,283,554,23,165,2254,217,297,5,484,2,420,8777,25447
MANIPUR,2001,2.39,79.85,22327,974,209,168,5,20,0,20,94,62,32,20,17,19,75,217,71,146,131,33,66,20,64,201,0,21,0,5,0,7,1097,2489
MIZORAM,2001,0.89,91.58,21081,935,31,15,5,52,0,52,2,1,1,3,0,23,417,878,17,861,3,23,71,12,24,94,0,52,0,16,3,23,499,2246
ODISHA,2001,36.71,73.45,155707,972,987,1151,53,790,0,790,522,434,88,199,22,958,3093,5622,817,4805,1426,285,681,10,423,4367,294,1655,458,1266,0,1589,20810,46661
PUNJAB,2001,24.29,76.68,50362,876,738,789,80,298,0,298,513,324,189,45,84,131,1902,3023,1204,1819,1,368,2621,58,63,3996,159,372,47,1128,0,2154,9204,27774
TRIPURA,2001,3.19,87.75,10491,948,240,25,0,102,0,102,93,35,58,26,0,63,198,259,6,253,138,4,17,6,31,412,16,58,0,227,0,31,855,2801
UTTARAKHAND,2001,8.48,79.63,53483,962,316,279,38,74,0,74,183,126,57,32,3,191,533,1419,374,1045,440,171,318,4,30,830,56,103,84,301,0,441,2227,8073
"WEST BENGAL",2001,80.22,77.08,88752,934,1594,449,581,709,0,709,875,695,180,274,421,660,426,14245,2562,11683,3095,486,1216,102,102,3658,265,954,48,3859,3,2281,25260,61563
CHANDIGARH,2001,0.9,86.43,114,818,15,10,6,18,0,18,56,50,6,5,0,22,364,1529,494,1035,91,26,155,2,5,95,3,24,15,36,0,6,914,3397
PUDUCHERRY,2001,0.97,86.55,479,1038,25,32,1,9,0,9,4,3,1,1,0,4,111,528,284,244,100,5,23,3,31,635,1,35,27,3,0,166,2324,4068
"ARUNACHAL PRADESH",2002,1.09,66.95,83743,993,61,38,6,38,0,38,57,38,19,22,0,96,249,395,51,344,21,23,29,5,20,401,0,68,2,13,0,0,684,2228
ASSAM,2002,26.64,73.18,75438,935,1253,479,55,970,0,970,1595,1276,319,473,18,607,2504,5555,496,5059,3014,558,719,57,438,4764,70,984,7,1694,0,1957,8575,36346
BIHAR,2002,82.88,69.82,94163,919,3712,3526,396,1040,0,1040,2361,744,1617,1289,141,2288,3188,10145,1131,9014,8675,1215,1811,72,600,8770,927,621,6,1577,38,2497,39145,94040
CHHATTISGARH,2002,20.8,71.04,135194,777,844,453,24,992,0,992,178,154,24,144,6,326,3731,4302,889,3413,817,96,393,18,235,4484,85,1483,147,653,0,963,17576,37950
GOA,2002,1.34,87.4,3702,961,30,20,4,12,0,12,9,5,4,5,0,24,376,496,146,350,79,27,78,3,25,236,2,18,6,8,0,202,780,2440
HARYANA,2002,21.08,76.64,44212,861,760,487,89,361,1,360,427,290,137,61,162,330,3048,5962,2955,3007,700,579,933,32,199,4514,256,454,1424,1565,0,955,16854,40152
"HIMACHAL PRADESH",2002,6.08,83.78,55673,968,123,86,6,137,0,137,138,116,22,0,1,18,710,564,142,422,646,75,137,0,145,1476,6,326,12,234,0,482,6921,12243
"JAMMU & KASHMIR",2002,10.07,67.16,42241,892,1048,1240,31,192,0,192,674,596,78,42,0,163,1321,2020,664,1356,996,91,382,20,386,366,18,785,368,54,0,380,9390,19967
JHARKHAND,2002,26.91,66.4,79714,941,1488,1143,115,797,0,797,468,178,290,580,55,780,1419,4374,560,3814,2281,333,441,6,167,2294,275,411,3,588,36,416,12969,31439
MANIPUR,2002,2.39,79.85,22327,974,165,160,3,14,0,14,157,82,75,3,8,6,44,255,115,140,64,28,72,12,48,378,0,58,0,10,0,25,1074,2584
MIZORAM,2002,0.89,91.58,21081,935,29,26,5,76,0,76,7,2,5,5,0,7,446,999,30,969,1,26,85,16,27,112,0,73,0,3,0,13,864,2820
ODISHA,2002,36.71,73.45,155707,972,1075,1372,58,691,0,691,523,432,91,246,30,945,2884,5268,1028,4240,1598,246,793,12,405,4947,248,1605,188,1167,0,2672,20755,47728
PUNJAB,2002,24.29,76.68,50362,876,733,728,79,299,0,299,551,354,197,50,83,110,1928,2963,1267,1696,2,373,2716,39,68,4453,166,341,145,944,0,2310,9713,28794
TRIPURA,2002,3.19,87.75,10491,948,201,38,1,108,0,108,128,48,80,29,0,56,192,270,51,219,180,12,20,7,40,518,16,128,0,236,0,46,849,3075
UTTARAKHAND,2002,8.48,79.63,53483,962,292,249,47,89,0,89,198,155,43,32,6,177,554,1365,374,991,342,145,312,8,40,760,66,145,97,316,1,440,2295,7976
"WEST BENGAL",2002,80.22,77.08,88752,934,1444,413,540,759,0,759,831,694,137,204,646,544,348,12449,2458,9991,2461,451,1315,98,114,3112,273,964,34,4069,1,2703,25189,58962
CHANDIGARH,2002,0.9,86.43,114,818,31,35,7,18,0,18,54,47,7,1,1,26,336,1647,617,1030,78,35,181,5,5,107,1,36,28,56,0,7,1111,3806
"DELHI UT",2002,13.78,86.34,1484,866,1062,880,136,806,0,806,2646,1786,860,94,134,1004,4720,33250,14868,18382,278,888,4196,92,114,3702,270,892,256,270,0,832,41752,98274
PUDUCHERRY,2002,0.97,86.55,479,1038,29,43,2,6,0,6,10,6,4,2,0,6,129,526,258,268,193,11,31,3,22,1093,5,59,26,9,0,190,2042,4437
"ARUNACHAL PRADESH",2003,1.09,66.95,83743,993,77,20,3,31,0,31,68,51,17,37,0,60,253,370,50,320,7,28,21,7,10,427,0,43,0,14,0,0,585,2061
ASSAM,2003,26.64,73.18,75438,935,1191,485,48,1095,0,1095,1628,1351,277,471,26,523,2606,5525,406,5119,3340,611,894,58,677,4952,60,878,6,1808,0,2086,9227,38195
BIHAR,2003,82.88,69.82,94163,919,3771,3540,298,985,0,985,2427,674,1753,1221,120,2463,2986,10124,1357,8767,8029,1105,1947,92,669,8884,909,688,11,1880,37,2574,37503,92263
CHHATTISGARH,2003,20.8,71.04,135194,777,776,513,51,898,0,898,177,149,28,140,14,331,3621,4170,922,3248,703,76,412,24,151,3653,79,1481,105,601,0,1158,19315,38449
GOA,2003,1.34,87.4,3702,961,34,25,6,31,0,31,14,13,1,5,0,21,257,464,132,332,47,60,106,3,18,198,2,19,7,24,0,164,739,2244
HARYANA,2003,21.08,76.64,44212,861,702,446,76,353,0,353,388,271,117,63,190,281,2981,5591,3079,2512,639,586,900,30,122,4153,222,344,1302,1618,0,971,16654,38612
"HIMACHAL PRADESH",2003,6.08,83.78,55673,968,125,74,5,126,0,126,113,96,17,8,0,19,707,627,218,409,610,63,130,3,121,1385,6,250,18,221,0,463,6937,12011
"JAMMU & KASHMIR",2003,10.07,67.16,42241,892,929,1216,29,211,0,211,712,615,97,23,0,154,1526,1949,576,1373,1167,116,408,21,328,310,10,875,376,71,0,378,10424,21233
JHARKHAND,2003,26.91,66.4,79714,941,1482,957,109,712,0,712,487,262,225,702,37,864,1468,4155,564,3591,2481,265,479,5,147,3062,262,424,2,559,0,642,12902,32203
KERALA,2003,31.84,93.91,38863,1058,435,448,343,394,0,394,189,102,87,142,19,634,4409,4891,1668,3223,6798,323,3061,129,413,17696,33,1947,68,2930,0,35,53487,98824
MANIPUR,2003,2.39,79.85,22327,974,150,199,6,18,0,18,120,71,49,3,0,6,68,252,124,128,73,16,76,7,47,324,0,44,0,4,0,4,1120,2537
MIZORAM,2003,0.89,91.58,21081,935,46,36,3,54,0,54,8,2,6,5,0,21,487,1303,57,1246,3,19,60,12,23,142,0,88,0,3,0,11,1132,3456
ODISHA,2003,36.71,73.45,155707,972,1044,1214,188,725,0,725,477,373,104,178,30,875,2961,5359,1076,4283,1408,254,937,11,337,4759,279,1669,188,1289,0,2497,20602,47281
PUNJAB,2003,24.29,76.68,50362,876,731,644,89,380,0,380,464,295,169,30,117,108,2094,3198,1375,1823,0,343,3123,56,71,4124,110,346,199,987,0,2226,9316,28756
TRIPURA,2003,3.19,87.75,10491,948,254,87,0,114,0,114,146,29,117,36,0,69,167,276,10,266,274,3,25,3,83,534,20,127,0,247,0,109,940,3514
"UTTAR PRADESH",2003,166.05,69.72,240928,898,5284,3793,1525,911,0,911,2208,1499,709,317,196,1988,4016,15751,5605,10146,2251,1746,2911,226,297,7760,1322,1098,4970,2626,0,4428,29449,95073
UTTARAKHAND,2003,8.48,79.63,53483,962,268,236,31,107,0,107,171,134,37,26,3,160,557,1368,400,968,392,138,379,8,33,687,93,136,98,317,0,362,2353,7923
"WEST BENGAL",2003,80.22,77.08,88752,934,1425,400,484,1002,0,1002,902,801,101,217,883,598,342,12613,2581,10032,2596,378,1534,153,87,4172,329,1186,71,4948,1,2300,24553,61174
CHANDIGARH,2003,0.9,86.43,114,818,21,15,2,18,0,18,32,28,4,3,1,12,204,1238,552,686,46,32,209,2,4,71,1,11,4,93,0,8,779,2806
"DELHI UT",2003,13.78,86.34,1484,866,970,814,130,980,0,980,2312,1594,718,56,214,882,3796,31088,14890,16198,160,862,4158,86,120,3416,260,978,210,2422,0,804,40090,94808
PUDUCHERRY,2003,0.97,86.55,479,1038,29,32,0,2,0,2,18,13,5,2,0,11,126,567,295,272,159,12,32,1,18,1053,1,56,27,4,0,182,2185,4517
"ARUNACHAL PRADESH",2004,1.09,66.95,83743,993,67,45,1,42,0,42,65,41,24,30,2,45,215,388,75,313,65,26,34,1,19,429,0,61,0,4,0,0,717,2256
ASSAM,2004,26.64,73.18,75438,935,1214,410,63,1171,0,1171,1906,1552,354,360,31,505,2544,5866,685,5181,3615,586,865,57,379,5911,74,883,11,1945,0,2239,10040,40675
CHHATTISGARH,2004,20.8,71.04,135194,777,927,619,25,969,0,969,214,174,40,106,8,363,3720,5014,1316,3698,790,101,424,42,242,3899,71,1661,131,741,0,1717,20143,41927
GOA,2004,1.34,87.4,3702,961,40,6,5,37,0,37,13,10,3,5,0,18,261,503,120,383,33,49,61,0,7,170,2,23,15,17,0,216,646,2127
HARYANA,2004,21.08,76.64,44212,861,733,441,65,386,0,386,423,292,131,52,145,244,2786,6558,3735,2823,699,534,1089,32,95,4194,251,403,850,2026,0,981,16109,39096
"HIMACHAL PRADESH",2004,6.08,83.78,55673,968,110,77,12,153,0,153,123,99,24,1,0,25,766,643,192,451,562,97,174,6,112,1421,8,284,16,252,0,469,7015,12326
"JAMMU & KASHMIR",2004,10.07,67.16,42241,892,816,1112,29,218,0,218,735,632,103,28,0,129,1420,1939,573,1366,1116,105,414,32,320,334,9,990,264,82,0,422,10677,21191
JHARKHAND,2004,26.91,66.4,79714,941,1488,1143,115,797,0,797,468,178,290,580,55,780,1419,4374,560,3814,2281,333,441,6,167,2294,275,411,3,588,36,416,12969,31439
MANIPUR,2004,2.39,79.85,22327,974,159,227,3,31,0,31,128,71,57,2,2,3,66,244,108,136,115,25,142,4,85,233,0,30,0,2,0,35,999,2535
ODISHA,2004,36.71,73.45,155707,972,1066,1197,25,770,0,770,526,423,103,238,0,952,2992,5967,1401,4566,1433,271,805,14,343,4938,319,1811,170,1192,0,2652,21058,48739
PUNJAB,2004,24.29,76.68,50362,876,775,716,148,390,0,390,463,311,152,17,79,86,1766,2587,1132,1455,16,313,2729,60,52,4402,113,261,38,801,0,2181,7637,25630
TRIPURA,2004,3.19,87.75,10491,948,189,36,0,160,0,160,99,54,45,27,2,46,166,260,49,211,148,17,34,12,24,452,20,134,0,302,0,85,868,3081
UTTARAKHAND,2004,8.48,79.63,53483,962,262,247,29,115,0,115,213,127,86,37,1,165,566,1597,500,1097,444,157,372,13,28,865,82,143,110,405,0,464,2319,8634
"WEST BENGAL",2004,80.22,77.08,88752,934,1425,390,468,1475,0,1475,1200,1018,182,212,943,535,547,14465,2668,11797,2691,425,1686,125,103,3867,396,1566,64,6334,12,2995,27426,69350
CHANDIGARH,2004,0.9,86.43,114,818,22,19,10,19,0,19,54,43,11,0,2,6,186,1459,653,806,43,23,135,4,0,65,6,20,18,73,0,5,720,2889
PUDUCHERRY,2004,0.97,86.55,479,1038,25,18,14,4,0,4,10,8,2,0,0,1,86,634,322,312,147,7,35,2,9,974,6,50,30,2,0,176,2390,4620
"ARUNACHAL PRADESH",2005,1.09,66.95,83743,993,81,37,5,35,0,35,58,39,19,23,0,77,263,531,119,412,23,36,28,4,13,383,0,67,0,9,0,69,562,2304
ASSAM,2005,26.64,73.18,75438,935,1194,503,117,1238,0,1238,1751,1456,295,334,22,451,2255,6369,955,5414,2760,487,873,103,423,5906,99,899,19,2206,3,2695,11299,42006
BIHAR,2005,82.88,69.82,94163,919,3471,3307,259,1147,0,1147,2693,929,1764,1212,165,2374,3117,10812,2134,8678,7671,1181,1829,50,760,11939,1014,451,13,1574,74,2680,40057,97850
CHHATTISGARH,2005,20.8,71.04,135194,777,1013,660,41,990,0,990,246,184,62,204,25,401,3621,5600,1619,3981,893,110,431,73,214,3734,100,1450,132,732,0,2004,20959,43633
GOA,2005,1.34,87.4,3702,961,45,15,5,20,0,20,17,12,5,2,0,28,265,495,185,310,45,50,58,6,12,155,2,30,8,11,0,209,641,2119
HARYANA,2005,21.08,76.64,44212,861,784,513,57,461,0,461,492,344,148,88,138,390,3437,8694,5034,3660,899,562,1204,31,119,4569,212,380,597,2075,0,1083,15879,42664
"HIMACHAL PRADESH",2005,6.08,83.78,55673,968,110,79,22,141,0,141,118,102,16,6,0,22,696,696,166,530,558,82,163,6,97,1359,2,286,29,228,0,480,7165,12345
"JAMMU & KASHMIR",2005,10.07,67.16,42241,892,647,905,37,201,0,201,748,658,90,13,0,116,1397,1901,504,1397,1222,117,403,29,240,355,5,830,371,76,0,462,10040,20115
JHARKHAND,2005,26.91,66.4,79714,941,1523,1084,87,753,5,748,621,283,338,592,49,732,1610,6195,1181,5014,2524,243,643,19,202,3078,257,293,36,590,4,1490,12550,35175
MANIPUR,2005,2.39,79.85,22327,974,256,252,4,25,0,25,106,69,37,4,0,8,62,243,92,151,35,52,122,10,155,295,0,25,0,20,0,5,1234,2913
MIZORAM,2005,0.89,91.58,21081,935,24,24,5,37,0,37,13,0,13,3,0,6,442,777,0,777,35,11,58,5,20,77,4,49,4,0,0,4,558,2156
ODISHA,2005,36.71,73.45,155707,972,1079,1279,48,799,0,799,641,547,94,184,50,998,3029,6743,1626,5117,1515,301,1040,31,386,5919,334,2238,184,1671,0,3034,20182,51685
PUNJAB,2005,24.29,76.68,50362,876,713,723,216,398,0,398,478,329,149,27,103,85,1933,2924,1151,1773,1,306,2934,73,55,4267,99,308,43,729,0,2283,8438,27136
TRIPURA,2005,3.19,87.75,10491,948,121,56,1,162,0,162,85,43,42,22,0,61,170,325,62,263,148,32,59,16,35,429,34,161,1,439,0,188,811,3356
UTTARAKHAND,2005,8.48,79.63,53483,962,279,202,30,133,0,133,203,125,78,48,0,159,521,1630,533,1097,433,144,396,22,24,745,63,100,89,272,0,462,2078,8033
"WEST BENGAL",2005,80.22,77.08,88752,934,1453,434,408,1686,0,1686,1207,1039,168,211,1221,426,739,12124,2435,9689,2635,528,1760,107,92,4125,446,1572,54,6936,61,2737,25444,66406
CHANDIGARH,2005,0.9,86.43,114,818,18,15,4,33,0,33,54,45,9,0,2,12,223,1373,579,794,43,41,161,0,1,57,3,31,9,75,0,9,969,3133
PUDUCHERRY,2005,0.97,86.55,479,1038,19,24,8,6,0,6,6,3,3,1,0,5,67,466,235,231,159,8,41,0,9,857,4,60,26,6,0,224,2579,4575
"ARUNACHAL PRADESH",2006,1.1,66.95,83743,993,60,33,3,37,0,37,75,51,24,28,0,74,257,451,74,377,6,61,38,9,20,415,1,63,2,14,0,82,565,2294
ASSAM,2006,26.65,73.18,75438,935,1207,414,32,1244,0,1244,1825,1544,281,319,12,544,2911,7820,1362,6458,2684,461,905,98,488,5290,105,1290,10,2548,0,3022,10444,43673
CHHATTISGARH,2006,20.81,71.04,135194,777,1098,825,15,995,0,995,239,178,61,160,24,439,3507,5262,1623,3639,905,137,507,33,262,6722,103,1598,143,717,1,2239,19246,45177
GOA,2006,1.35,87.4,3702,961,39,17,1,21,0,21,16,10,6,7,0,17,252,494,223,271,63,35,55,9,38,170,0,18,7,14,0,233,698,2204
HARYANA,2006,21.09,76.64,44212,861,873,585,59,608,0,608,635,431,204,104,224,410,4001,10518,6300,4218,1142,750,1424,35,156,5135,255,486,491,2254,0,1350,19014,50509
"HIMACHAL PRADESH",2006,6.09,83.78,55673,968,111,78,20,113,0,113,130,109,21,7,0,29,754,812,214,598,566,137,129,4,115,1261,3,275,31,259,0,499,7760,13093
"JAMMU & KASHMIR",2006,10.08,67.16,42241,892,487,854,40,250,0,250,789,723,66,10,0,112,1351,1937,554,1383,1197,123,463,35,203,376,10,960,347,135,0,222,10886,20787
JHARKHAND,2006,26.92,66.4,79714,941,1492,1078,97,799,0,799,635,410,225,536,45,779,1428,6173,1146,5027,2650,319,833,34,178,3055,281,414,44,668,5,1154,13667,36364
MANIPUR,2006,2.4,79.85,22327,974,205,265,4,40,0,40,130,79,51,2,27,8,55,290,105,185,60,40,82,9,109,296,0,42,0,10,0,3,1207,2884
MIZORAM,2006,0.9,91.58,21081,935,25,19,7,72,0,72,6,1,5,7,0,10,422,758,60,698,0,30,78,10,25,72,0,51,0,1,0,26,454,2073
ODISHA,2006,36.72,73.45,155707,972,1159,752,36,985,0,985,704,577,127,239,76,1184,3120,6567,1571,4996,1535,313,1364,16,371,6226,457,2415,247,694,12,2945,21375,52792
PUNJAB,2006,24.3,76.68,50362,876,817,898,165,442,0,442,591,418,173,35,90,142,2277,3946,1561,2385,3,281,3393,66,68,5104,130,314,60,801,2,2919,9524,32068
TRIPURA,2006,3.2,87.75,10491,948,154,52,1,189,0,189,105,62,43,18,1,71,182,392,31,361,154,23,84,12,35,464,35,207,0,471,0,199,1091,3940
UTTARAKHAND,2006,8.49,79.63,53483,962,274,215,40,147,0,147,212,183,29,31,2,157,470,1696,525,1171,489,95,514,14,39,854,80,153,113,358,0,524,1935,8412
"WEST BENGAL",2006,80.23,77.08,88752,934,1425,672,401,1731,0,1731,1355,1199,156,177,1263,426,601,12532,2714,9818,2385,519,1947,135,111,6299,445,1837,63,7414,1,3039,23274,68052
CHANDIGARH,2006,0.91,86.43,114,818,12,21,8,19,0,19,65,57,8,1,3,34,189,1234,529,705,44,59,232,3,5,55,10,20,13,102,0,14,983,3126
PUDUCHERRY,2006,0.98,86.55,479,1038,30,24,3,9,0,9,18,13,5,2,0,3,84,560,320,240,194,6,36,2,22,927,3,56,39,19,0,209,2441,4687
"ARUNACHAL PRADESH",2007,1.1,66.95,83743,993,68,29,2,48,0,48,68,44,24,16,0,75,240,513,116,397,16,41,33,10,22,375,0,72,1,20,0,82,555,2286
ASSAM,2007,26.65,73.18,75438,935,1374,451,109,1437,0,1437,1971,1471,500,299,12,496,2603,7754,1982,5772,2601,653,895,115,380,5175,100,789,10,3000,0,2875,12183,45282
CHHATTISGARH,2007,20.81,71.04,135194,777,1097,747,26,982,0,982,244,181,63,115,13,427,3632,5381,1814,3567,881,150,467,64,253,6801,100,1549,111,824,0,2476,19505,45845
GOA,2007,1.35,87.4,3702,961,33,23,7,20,0,20,12,7,5,7,0,22,292,494,207,287,70,36,55,10,24,150,2,20,7,14,0,247,934,2479
HARYANA,2007,21.09,76.64,44212,861,911,592,72,488,0,488,801,554,247,139,266,502,4231,11047,6499,4548,1173,726,1232,33,142,5031,269,417,409,2412,0,1545,19159,51597
"HIMACHAL PRADESH",2007,6.09,83.78,55673,968,127,57,9,159,0,159,171,150,21,5,0,23,877,1092,264,828,649,132,212,11,141,1318,8,322,33,342,0,597,7937,14222
"JAMMU & KASHMIR",2007,10.08,67.16,42241,892,318,669,23,288,0,288,758,707,51,18,0,111,1460,2086,514,1572,1209,121,489,31,186,374,9,986,353,176,0,243,11535,21443
JHARKHAND,2007,26.92,66.4,79714,941,1617,1076,92,855,0,855,762,534,228,524,40,771,1495,7091,1784,5307,2565,448,814,19,160,3783,303,342,15,801,0,1019,13897,38489
MANIPUR,2007,2.4,79.85,22327,974,240,377,2,20,0,20,150,83,67,3,146,11,70,454,150,304,70,19,93,4,63,377,0,70,0,15,0,1,1074,3259
MEGHALAYA,2007,2.32,75.48,22429,972,114,49,8,82,0,82,52,22,30,55,1,56,203,500,91,409,33,17,164,12,36,124,2,45,1,19,0,68,438,2079
MIZORAM,2007,0.9,91.58,21081,935,43,21,4,83,0,83,4,0,4,0,0,5,457,808,64,744,1,20,66,16,38,85,0,66,0,2,0,34,330,2083
ODISHA,2007,36.72,73.45,155707,972,1210,1105,22,939,0,939,801,660,141,247,42,1273,3073,6830,1733,5097,1983,319,1263,30,411,7478,461,2775,241,728,0,3771,19870,54872
PUNJAB,2007,24.3,76.68,50362,876,760,893,170,519,0,519,760,545,215,37,92,138,2616,5173,2084,3089,1,329,3581,68,96,5663,133,427,48,971,0,2801,10517,35793
TRIPURA,2007,3.2,87.75,10491,948,138,58,2,157,0,157,113,81,32,14,2,64,193,411,55,356,142,42,85,10,23,546,36,244,4,545,0,203,1241,4273
UTTARAKHAND,2007,8.49,79.63,53483,962,268,228,50,117,0,117,253,227,26,46,6,173,548,1593,565,1028,459,163,697,39,37,886,70,146,63,463,0,608,2686,9599
"WEST BENGAL",2007,80.23,77.08,88752,934,1652,877,394,2106,0,2106,1800,1590,210,146,1150,427,399,13747,2421,11326,3727,672,2406,127,121,6909,451,2281,99,9900,5,3803,27903,81102
CHANDIGARH,2007,0.91,86.43,114,818,19,26,8,22,0,22,52,46,6,2,0,37,191,1740,853,887,79,38,170,2,9,78,1,32,11,112,0,15,999,3643
PUDUCHERRY,2007,0.98,86.55,479,1038,34,42,2,9,0,9,20,14,6,1,2,8,86,787,498,289,145,6,45,1,18,904,2,89,32,17,0,267,2537,5054
"ARUNACHAL PRADESH",2008,1.1,66.95,83743,993,72,37,2,42,0,42,79,47,32,14,0,79,245,445,60,385,18,43,28,1,10,479,0,72,1,13,0,104,590,2374
ASSAM,2008,26.65,73.18,75438,935,1426,417,71,1438,0,1438,2239,1789,450,312,74,568,3147,8012,2101,5911,2600,680,996,91,443,6107,103,1272,2,3478,0,2259,17598,53333
CHHATTISGARH,2008,20.81,71.04,135194,777,1169,736,18,978,0,978,273,216,57,124,17,500,4112,6079,2122,3957,1144,169,562,71,302,8565,106,1621,125,897,0,2800,21074,51442
GOA,2008,1.35,87.4,3702,961,49,25,11,30,0,30,36,28,8,3,0,23,302,601,238,363,102,47,105,22,27,185,2,32,12,12,0,230,886,2742
HARYANA,2008,21.09,76.64,44212,861,921,616,92,631,0,631,854,644,210,120,257,555,4249,12709,7674,5035,1184,763,1150,40,139,4504,302,435,605,2435,0,1323,21460,55344
"HIMACHAL PRADESH",2008,6.09,83.78,55673,968,129,59,5,157,0,157,151,137,14,6,0,20,885,1152,332,820,627,137,248,11,127,1258,3,295,41,343,0,485,7837,13976
"JAMMU & KASHMIR",2008,10.08,67.16,42241,892,237,570,31,219,0,219,704,656,48,3,0,67,1347,2198,689,1509,1782,87,392,23,230,273,21,935,296,162,0,293,10734,20604
JHARKHAND,2008,26.92,66.4,79714,941,1697,1061,112,791,0,791,792,499,293,416,50,761,1375,7269,2165,5104,2576,269,900,24,164,2826,266,271,23,851,39,1310,14843,38686
MANIPUR,2008,2.4,79.85,22327,974,187,498,4,38,0,38,176,87,89,1,212,7,76,446,223,223,48,24,161,3,41,301,1,57,0,28,0,2,1038,3349
MEGHALAYA,2008,2.32,75.48,22429,972,126,55,6,88,0,88,56,25,31,63,0,65,168,669,137,532,8,32,104,10,28,204,2,54,4,32,0,64,480,2318
ODISHA,2008,36.72,73.45,155707,972,1250,1415,84,1113,0,1113,908,762,146,305,67,1345,3100,7419,1975,5444,2721,342,1244,26,869,7013,401,2782,282,1618,0,3535,18916,56755
PUNJAB,2008,24.3,76.68,50362,876,769,956,146,517,0,517,718,514,204,40,122,167,2621,5563,2182,3381,1,236,3192,78,75,5597,128,388,49,984,0,2845,10122,35314
TRIPURA,2008,3.2,87.75,10491,948,155,53,2,204,0,204,146,110,36,13,3,95,218,499,43,456,197,42,92,23,47,924,16,346,4,735,0,195,1327,5336
UTTARAKHAND,2008,8.49,79.63,53483,962,223,217,40,87,0,87,247,222,25,16,2,144,423,1622,726,896,509,171,463,31,15,937,73,120,306,340,0,590,2280,8856
CHANDIGARH,2008,0.91,86.43,114,818,17,28,6,20,0,20,50,42,8,1,4,23,257,1991,1094,897,85,37,213,0,2,73,3,19,2,49,0,11,1040,3931
"DELHI UT",2008,13.79,86.34,1484,866,1108,778,132,932,0,932,3134,2272,862,48,268,1082,3852,37734,22040,15694,142,710,2986,82,82,3872,258,1222,260,2774,0,1452,35792,98700
PUDUCHERRY,2008,0.98,86.55,479,1038,35,35,3,8,0,8,17,9,8,10,3,10,90,688,443,245,165,13,53,2,9,873,2,65,21,12,0,207,2668,4989
"ARUNACHAL PRADESH",2009,1.1,66.95,83743,993,59,33,5,59,0,59,62,28,34,20,0,55,201,381,109,272,52,38,29,8,28,526,0,58,6,13,0,110,619,2362
ASSAM,2009,26.65,73.18,75438,935,1323,417,35,1631,0,1631,2718,2092,626,251,21,680,3149,7644,1713,5931,1808,802,1098,84,476,6547,170,1342,10,4398,1,2735,17973,55313
CHHATTISGARH,2009,20.81,71.04,135194,777,1083,732,19,976,0,976,286,229,57,134,16,554,3975,5792,2181,3611,957,166,682,68,335,9543,128,1598,152,893,0,2735,20546,51370
GOA,2009,1.35,87.4,3702,961,53,24,11,47,0,47,33,22,11,4,0,30,294,858,336,522,50,52,132,27,24,191,3,37,10,21,0,220,884,3005
HARYANA,2009,21.09,76.64,44212,861,948,690,78,603,0,603,916,659,257,153,297,679,4077,12917,8449,4468,1166,827,1406,35,153,3977,281,451,605,2617,0,1549,21804,56229
"HIMACHAL PRADESH",2009,6.09,83.78,55673,968,125,73,13,183,0,183,150,122,28,4,0,21,784,823,327,496,591,117,264,2,124,1230,1,318,37,284,0,616,7555,13315
"JAMMU & KASHMIR",2009,10.08,67.16,42241,892,237,547,23,237,0,237,873,825,48,1,0,69,1566,2631,876,1755,1472,132,475,37,217,331,12,972,371,196,0,517,11059,21975
JHARKHAND,2009,26.92,66.4,79714,941,1636,1274,104,719,0,719,827,517,310,412,53,780,1392,7716,2990,4726,2312,473,910,15,203,4132,295,276,83,710,6,1678,11430,37436
MANIPUR,2009,2.4,79.85,22327,974,131,478,2,31,0,31,159,97,62,1,188,3,68,394,283,111,48,20,96,1,81,224,0,39,2,25,0,0,861,2852
MEGHALAYA,2009,2.32,75.48,22429,972,128,39,12,112,0,112,56,26,30,64,1,67,147,545,180,365,18,26,113,9,54,207,0,72,1,24,1,72,680,2448
MIZORAM,2009,0.9,91.58,21081,935,31,14,8,83,1,82,9,0,9,2,0,4,381,761,77,684,1,30,61,9,24,120,0,61,1,4,0,36,407,2047
ODISHA,2009,36.72,73.45,155707,972,1250,1231,48,1023,0,1023,930,799,131,380,63,1488,2937,7136,2521,4615,1718,258,1137,34,413,6816,384,2697,210,2047,1,2979,20560,55740
PUNJAB,2009,24.3,76.68,50362,876,853,1014,129,511,0,511,692,513,179,38,96,171,2507,5624,2713,2911,8,234,3098,63,101,5498,126,319,33,1061,0,3289,10080,35545
TRIPURA,2009,3.2,87.75,10491,948,133,59,2,190,0,190,121,92,29,7,0,77,231,415,39,376,178,52,110,20,62,1047,29,384,5,815,0,225,1324,5486
UTTARAKHAND,2009,8.49,79.63,53483,962,195,185,51,111,0,111,275,247,28,35,7,179,363,1601,735,866,466,156,544,43,17,1198,94,119,249,361,0,685,1868,8802
CHANDIGARH,2009,0.91,86.43,114,818,22,18,8,29,0,29,40,36,4,4,3,27,241,1731,1117,614,66,38,193,4,4,63,2,26,2,51,0,7,976,3555
PUDUCHERRY,2009,0.98,86.55,479,1038,37,25,5,1,0,1,18,13,5,7,5,9,71,711,502,209,141,7,47,5,11,901,0,53,16,10,0,233,2278,4591
"ARUNACHAL PRADESH",2010,1.1,66.95,83743,993,75,34,3,47,0,47,67,46,21,15,0,69,211,445,139,306,31,59,91,0,28,439,0,84,1,12,0,106,622,2439
ASSAM,2010,26.65,73.18,75438,935,1223,431,46,1721,5,1716,3250,2767,483,248,12,662,3458,7860,2124,5736,2183,992,1371,68,437,5744,175,1400,20,5410,0,2847,22110,61668
CHHATTISGARH,2010,20.81,71.04,135194,777,1065,756,30,1012,0,1012,359,279,80,122,15,552,3711,5805,2139,3666,1092,196,813,59,319,10188,115,1706,182,861,2,2907,23091,54958
GOA,2010,1.35,87.4,3702,961,35,27,3,36,0,36,25,18,7,2,0,39,368,1034,359,675,64,57,117,33,23,177,1,36,16,17,0,256,927,3293
HARYANA,2010,21.09,76.64,44212,861,1005,836,63,720,0,720,963,714,249,147,248,734,4445,16266,11299,4967,1414,919,1662,29,221,3733,284,476,580,2720,0,1595,20060,59120
"HIMACHAL PRADESH",2010,6.09,83.78,55673,968,132,74,12,160,0,160,194,162,32,2,0,11,743,838,334,504,615,110,318,4,127,1374,2,350,78,275,0,610,7020,13049
"JAMMU & KASHMIR",2010,10.08,67.16,42241,892,217,711,26,245,0,245,896,840,56,6,0,61,1406,2510,967,1543,2169,150,422,19,224,278,9,1038,262,211,0,494,11869,23223
JHARKHAND,2010,26.92,66.4,79714,941,1689,1028,82,773,0,773,978,696,282,335,19,709,1357,7090,2709,4381,2447,505,988,16,185,4271,276,245,16,650,8,1745,13477,38889
MANIPUR,2010,2.4,79.85,22327,974,92,258,1,34,0,34,199,107,92,0,196,2,66,417,254,163,65,24,59,7,86,227,0,31,0,18,0,1,932,2715
MEGHALAYA,2010,2.32,75.48,22429,972,134,60,8,149,0,149,71,37,34,42,1,67,166,664,152,512,7,37,98,4,52,154,0,48,0,24,0,53,666,2505
MIZORAM,2010,0.9,91.58,21081,935,48,27,7,92,0,92,9,0,9,3,0,16,425,823,69,754,0,25,79,12,15,116,0,75,0,3,0,44,355,2174
ODISHA,2010,36.72,73.45,155707,972,1308,1436,31,1025,0,1025,1016,912,104,346,117,1491,2855,7572,2627,4945,1779,322,1108,29,430,7181,388,2905,232,2067,5,3450,19366,56459
PUNJAB,2010,24.3,76.68,50362,876,907,994,120,546,0,546,789,576,213,65,143,241,2661,5446,2467,2979,0,243,3527,75,101,4873,121,349,38,1163,0,3350,10896,36648
TRIPURA,2010,3.2,87.75,10491,948,150,63,8,238,0,238,114,91,23,16,2,65,221,457,64,393,163,53,122,6,51,1136,25,376,9,937,0,237,1356,5805
UTTARAKHAND,2010,8.49,79.63,53483,962,176,219,60,121,0,121,286,249,37,12,2,162,310,2138,871,1267,458,167,567,33,17,974,75,125,165,334,0,738,2101,9240
CHANDIGARH,2010,0.91,86.43,114,818,21,30,9,31,0,31,38,28,10,5,6,67,236,1481,898,583,65,23,163,3,9,65,5,29,4,41,0,6,1036,3373
PUDUCHERRY,2010,0.98,86.55,479,1038,33,19,16,3,0,3,17,14,3,2,10,5,72,534,384,150,131,12,77,3,10,806,1,46,22,7,0,242,1867,3935
"ARUNACHAL PRADESH",2011,1.1,67.95,83743,938,65,29,2,42,0,42,93,60,33,13,0,64,183,414,152,262,49,54,74,2,34,379,0,51,0,18,0,98,622,2286
ASSAM,2011,26.65,74.18,75438,958,1303,504,48,1700,0,1700,3764,3192,572,305,4,837,3327,8309,585,7724,2328,920,1495,60,506,6306,121,1193,8,5246,2,2915,25513,66714
CHHATTISGARH,2011,20.81,72.04,135194,991,1110,747,28,1053,0,1053,472,365,107,68,7,470,3548,5315,2292,3023,934,180,980,65,289,11105,104,1654,174,834,2,2856,25223,57218
GOA,2011,1.35,88.4,3702,973,48,22,6,29,0,29,28,17,11,2,0,26,318,1115,463,652,74,45,142,31,24,215,1,29,12,18,0,263,1001,3449
HARYANA,2011,21.09,77.64,44212,879,1062,851,60,733,0,733,959,733,226,167,176,638,5011,17425,12541,4884,1466,812,1761,18,166,3423,255,474,490,2740,0,1505,20549,60741
"HIMACHAL PRADESH",2011,6.09,84.78,55673,972,130,50,6,168,0,168,212,191,21,1,0,10,995,1042,356,686,530,143,359,4,110,1251,4,331,62,239,0,563,8102,14312
"JAMMU & KASHMIR",2011,10.08,68.16,42241,889,169,494,29,277,0,277,1077,1023,54,14,0,88,1516,2655,930,1725,1405,195,612,39,205,246,11,1194,350,286,0,385,13257,24504
JHARKHAND,2011,26.92,67.4,79714,948,1747,718,83,784,0,784,941,660,281,309,40,614,1235,6378,1872,4506,2133,447,907,22,138,4403,282,317,7,659,6,1728,11940,35838
MANIPUR,2011,2.4,80.85,22327,985,78,245,4,53,0,53,169,116,53,1,154,7,52,719,553,166,70,42,126,12,99,292,1,38,0,39,0,2,1015,3218
MEGHALAYA,2011,2.32,76.48,22429,989,170,51,3,130,0,130,87,37,50,49,0,63,145,696,190,506,8,52,166,13,34,197,1,74,1,21,3,90,701,2755
ODISHA,2011,36.72,74.45,155707,979,1477,1621,51,1112,0,1112,1139,1008,131,417,84,1583,3031,8724,2986,5738,1556,250,1391,10,423,7894,465,3207,235,2320,0,3778,20509,61277
PUNJAB,2011,24.3,77.68,50362,895,842,997,112,479,0,479,681,517,164,28,143,236,2488,4784,2107,2677,0,281,3571,58,83,4757,143,282,31,1136,0,3576,10175,34883
TRIPURA,2011,3.2,88.75,10491,960,163,75,0,205,0,205,154,116,38,11,0,50,227,494,59,435,175,54,99,9,58,1340,30,294,9,702,0,14,1640,5803
UTTARAKHAND,2011,8.49,80.63,53483,963,178,189,54,129,0,129,314,283,31,13,1,179,342,2093,840,1253,401,115,519,26,17,852,83,116,72,307,0,696,2078,8774
CHANDIGARH,2011,0.91,87.43,114,818,24,40,6,27,0,27,58,46,12,6,2,68,285,1502,915,587,66,25,255,0,9,45,2,21,12,46,0,7,1036,3542
PUDUCHERRY,2011,0.98,87.55,479,1037,32,22,12,7,0,7,12,9,3,5,10,11,65,707,511,196,125,9,54,4,10,853,1,35,16,10,0,243,2119,4362
"ARUNACHAL PRADESH",2012,1.1,68.95,83743,938,73,29,1,46,0,46,82,58,24,20,0,65,215,402,95,307,28,55,85,1,33,438,1,67,2,26,0,94,657,2420
ASSAM,2012,26.65,75.18,75438,958,1368,670,54,1716,0,1716,3812,3360,452,266,7,907,3825,9394,2720,6674,5077,1278,1705,61,2830,6676,140,1840,5,6407,2,2565,27077,77682
CHHATTISGARH,2012,20.81,73.04,135194,991,998,593,26,1034,0,1034,450,350,100,64,4,412,3334,5341,2358,2983,910,170,925,53,330,10855,81,1601,162,980,0,2888,23387,54598
GOA,2012,1.35,89.4,3702,973,45,35,3,55,0,55,24,16,8,6,0,25,356,915,300,615,122,64,205,16,34,266,0,49,16,24,0,233,1115,3608
HARYANA,2012,21.09,78.64,44212,879,991,910,68,668,0,668,1349,900,449,204,176,711,5129,17590,12979,4611,1424,740,1798,20,191,3277,258,525,434,3137,0,1484,21396,62480
"HIMACHAL PRADESH",2012,6.09,85.78,55673,972,113,53,9,183,0,183,172,152,20,1,0,10,928,769,265,504,494,137,373,1,131,1173,2,250,68,251,0,562,6877,12557
"JAMMU & KASHMIR",2012,10.08,69.16,42241,889,124,511,16,303,0,303,1093,1041,52,6,0,81,1395,2022,557,1465,1400,163,612,17,190,322,8,1322,347,301,0,371,14004,24608
JHARKHAND,2012,26.92,68.4,79714,948,1694,842,92,812,0,812,1056,786,270,284,33,494,1216,6680,2215,4465,2331,639,1566,14,136,4785,302,284,10,1261,3,1594,14818,40946
MANIPUR,2012,2.4,81.85,22327,985,83,409,4,63,0,63,223,133,90,8,171,3,53,903,736,167,72,67,136,2,74,285,0,49,1,43,0,2,1086,3737
MEGHALAYA,2012,2.32,77.48,22429,989,137,63,8,164,0,164,92,24,68,52,1,46,145,543,152,391,0,44,108,13,61,157,1,43,0,16,0,102,761,2557
ODISHA,2012,36.72,75.45,155707,979,1548,1879,54,1458,0,1458,1542,1364,178,402,99,1613,3430,9630,3210,6420,2205,317,1607,19,469,8223,525,4187,304,2638,0,3605,22203,67957
PUNJAB,2012,24.3,78.68,50362,895,855,1045,104,680,1,679,919,689,230,48,184,213,2828,5272,2011,3261,1,289,3451,49,74,4186,118,340,31,1293,0,3405,10405,35790
TRIPURA,2012,3.2,89.75,10491,960,124,79,2,229,0,229,139,114,25,7,0,60,239,565,140,425,128,47,105,9,59,1504,37,314,7,858,0,10,1742,6264
UTTARAKHAND,2012,8.49,81.63,53483,963,217,161,44,148,0,148,297,256,41,29,3,144,391,1913,949,964,369,137,529,22,17,1022,71,139,73,368,0,670,2118,8882
CHANDIGARH,2012,0.91,88.43,114,818,21,44,5,27,0,27,87,66,21,3,9,63,235,1549,894,655,49,34,234,2,9,42,5,45,25,73,0,3,1042,3606
PUDUCHERRY,2012,0.98,88.55,479,1037,29,27,12,13,0,13,19,16,3,5,15,16,77,658,462,196,126,9,90,6,21,818,0,9,2,6,0,263,2060,4281
